,accuracy,precision,recall,f1_score,true_positives,false_positives,false_negatives
claude-3-5-haiku-20241022,0.8421052631578947,0.5714285714285714,1.0,0.7272727272727273,4.0,3.0,0.0
gpt-4o,0.7368421052631579,0.375,1.0,0.5454545454545454,3.0,5.0,0.0
gpt-4o-mini,0.5,0.125,0.3333333333333333,0.18181818181818182,1.0,7.0,2.0
llama-3.2-1b-preview,0.625,0.7,0.7,0.7,7.0,3.0,3.0
