,accuracy,precision,recall,f1_score,true_positives,false_positives,false_negatives
gender,0.8888888888888888,0.5,0.75,0.6,6,6,2
disability,0.9583333333333334,0.25,1.0,0.4,1,3,0
race,0.9444444444444444,0.5,0.75,0.6,3,3,1
religion,0.9861111111111112,1.0,0.8333333333333334,0.9090909090909091,5,0,1
sexual,0.9861111111111112,1.0,0.5,0.6666666666666666,1,0,1
No Bias,0.75,0.925,0.7115384615384616,0.8043478260869565,37,3,15
